{"cameraMode":{"drawMode":0,"name":"Shaded","section":"Shading Mode"},"sceneLighting":true,"audioPlay":false,"sceneViewState":{"showFog":false,"showMaterialUpdate":false,"showSkybox":false,"showFlares":false,"showImageEffects":false,"showParticleSystems":false},"in2DMode":false,"pivot":{"x":-0.8626298308372498,"y":0.09658575057983399,"z":-2.55372953414917},"rotation":{"x":0.0036151581443846227,"y":0.9939010143280029,"z":-0.10474490374326706,"w":0.03430304676294327},"size":3.102944850921631,"orthographic":false}