{"cameraMode":{"drawMode":0,"name":"Shaded","section":"Shading Mode"},"sceneLighting":true,"audioPlay":false,"sceneViewState":{"showFog":false,"showMaterialUpdate":false,"showSkybox":false,"showFlares":false,"showImageEffects":false,"showParticleSystems":false},"in2DMode":false,"pivot":{"x":-0.39123013615608218,"y":1.0870002508163453,"z":-0.3059605360031128},"rotation":{"x":0.003278980264440179,"y":-0.9965155124664307,"z":0.04786945506930351,"w":0.06826627254486084},"size":1.0393033027648926,"orthographic":false}